Year,State,Candidate,Party,Candidate Votes,Total Votes
1976,ALABAMA,"CARTER, JIMMY",DEMOCRAT,659170,1182850
1976,ALASKA,"FORD, GERALD",REPUBLICAN,71555,123574
1976,ARIZONA,"FORD, GERALD",REPUBLICAN,418642,742719
1976,ARKANSAS,"CARTER, JIMMY",DEMOCRAT,498604,767535
1976,CALIFORNIA,"FORD, GERALD",REPUBLICAN,3882244,7803770
1976,COLORADO,"FORD, GERALD",REPUBLICAN,584278,1081440
1976,CONNECTICUT,"FORD, GERALD",REPUBLICAN,719261,1386355
1976,DELAWARE,"CARTER, JIMMY",DEMOCRAT,122461,235642
1976,DISTRICT OF COLUMBIA,"CARTER, JIMMY",DEMOCRAT,137818,168830
1976,FLORIDA,"CARTER, JIMMY",DEMOCRAT,1636000,3150631
1976,GEORGIA,"CARTER, JIMMY",DEMOCRAT,979409,1463152
1976,HAWAII,"CARTER, JIMMY",DEMOCRAT,147375,291301
1976,IDAHO,"FORD, GERALD",REPUBLICAN,204151,340932
1976,ILLINOIS,"FORD, GERALD",REPUBLICAN,2364269,4721282
1976,INDIANA,"FORD, GERALD",REPUBLICAN,1183958,2220362
1976,IOWA,"FORD, GERALD",REPUBLICAN,632864,1279303
1976,KANSAS,"FORD, GERALD",REPUBLICAN,502752,957845
1976,KENTUCKY,"CARTER, JIMMY",DEMOCRAT,615717,1167142
1976,LOUISIANA,"CARTER, JIMMY",DEMOCRAT,661365,1277383
1976,MAINE,"FORD, GERALD",REPUBLICAN,236320,482968
1976,MARYLAND,"CARTER, JIMMY",DEMOCRAT,759612,1432273
1976,MASSACHUSETTS,"CARTER, JIMMY",DEMOCRAT,1429475,2547558
1976,MICHIGAN,"FORD, GERALD",REPUBLICAN,1893742,3651590
1976,MINNESOTA,"CARTER, JIMMY",DEMOCRAT,1070440,1949931
1976,MISSISSIPPI,"CARTER, JIMMY",DEMOCRAT,381329,768390
1976,MISSOURI,"CARTER, JIMMY",DEMOCRAT,998387,1953600
1976,MONTANA,"FORD, GERALD",REPUBLICAN,173703,328734
1976,NEBRASKA,"FORD, GERALD",REPUBLICAN,359219,606749
1976,NEVADA,"FORD, GERALD",REPUBLICAN,101273,201876
1976,NEW HAMPSHIRE,"FORD, GERALD",REPUBLICAN,185935,339627
1976,NEW JERSEY,"FORD, GERALD",REPUBLICAN,1509688,3014472
1976,NEW MEXICO,"FORD, GERALD",REPUBLICAN,211419,416590
1976,NEW YORK,"CARTER, JIMMY",DEMOCRAT,3244165,6668262
1976,NORTH CAROLINA,"CARTER, JIMMY",DEMOCRAT,927365,1677906
1976,NORTH DAKOTA,"FORD, GERALD",REPUBLICAN,153684,297308
1976,OHIO,"CARTER, JIMMY",DEMOCRAT,2009959,4110456
1976,OKLAHOMA,"FORD, GERALD",REPUBLICAN,545708,1092251
1976,OREGON,"FORD, GERALD",REPUBLICAN,492120,1029876
1976,PENNSYLVANIA,"CARTER, JIMMY",DEMOCRAT,2328677,4620787
1976,RHODE ISLAND,"CARTER, JIMMY",DEMOCRAT,227636,410584
1976,SOUTH CAROLINA,"CARTER, JIMMY",DEMOCRAT,450807,802583
1976,SOUTH DAKOTA,"FORD, GERALD",REPUBLICAN,151505,300678
1976,TENNESSEE,"CARTER, JIMMY",DEMOCRAT,825879,1476346
1976,TEXAS,"CARTER, JIMMY",DEMOCRAT,2082319,4071884
1976,UTAH,"FORD, GERALD",REPUBLICAN,337908,541218
1976,VERMONT,"FORD, GERALD",REPUBLICAN,100387,183902
1976,VIRGINIA,"FORD, GERALD",REPUBLICAN,836554,1697094
1976,WASHINGTON,"FORD, GERALD",REPUBLICAN,777732,1555534
1976,WEST VIRGINIA,"CARTER, JIMMY",DEMOCRAT,435864,750590
1976,WISCONSIN,"CARTER, JIMMY",DEMOCRAT,1040232,2101336
1976,WYOMING,"FORD, GERALD",REPUBLICAN,92717,156343
1980,ALABAMA,"REAGAN, RONALD",REPUBLICAN,654192,1341929
1980,ALASKA,"REAGAN, RONALD",REPUBLICAN,86112,158445
1980,ARIZONA,"REAGAN, RONALD",REPUBLICAN,529688,873945
1980,ARKANSAS,"REAGAN, RONALD",REPUBLICAN,403164,837582
1980,CALIFORNIA,"REAGAN, RONALD",REPUBLICAN,4522994,8582938
1980,COLORADO,"REAGAN, RONALD",REPUBLICAN,652264,1184450
1980,CONNECTICUT,"REAGAN, RONALD",REPUBLICAN,677210,1406285
1980,DELAWARE,"REAGAN, RONALD",REPUBLICAN,111252,235668
1980,DISTRICT OF COLUMBIA,"CARTER, JIMMY",DEMOCRAT,130231,173889
1980,FLORIDA,"REAGAN, RONALD",REPUBLICAN,2046951,3686927
1980,GEORGIA,"CARTER, JIMMY",DEMOCRAT,890955,1596805
1980,HAWAII,"CARTER, JIMMY",DEMOCRAT,135879,303287
1980,IDAHO,"REAGAN, RONALD",REPUBLICAN,290699,437431
1980,ILLINOIS,"REAGAN, RONALD",REPUBLICAN,2358049,4749721
1980,INDIANA,"REAGAN, RONALD",REPUBLICAN,1255656,2242033
1980,IOWA,"REAGAN, RONALD",REPUBLICAN,676026,1317661
1980,KANSAS,"REAGAN, RONALD",REPUBLICAN,566812,979795
1980,KENTUCKY,"REAGAN, RONALD",REPUBLICAN,635274,1295627
1980,LOUISIANA,"REAGAN, RONALD",REPUBLICAN,792853,1548591
1980,MAINE,"REAGAN, RONALD",REPUBLICAN,238522,523011
1980,MARYLAND,"CARTER, JIMMY",DEMOCRAT,726161,1540496
1980,MASSACHUSETTS,"REAGAN, RONALD",REPUBLICAN,1057631,2524090
1980,MICHIGAN,"REAGAN, RONALD",REPUBLICAN,1915225,3909725
1980,MINNESOTA,"CARTER, JIMMY",DEMOCRAT,954173,2051916
1980,MISSISSIPPI,"REAGAN, RONALD",REPUBLICAN,441089,891750
1980,MISSOURI,"REAGAN, RONALD",REPUBLICAN,1074181,2099824
1980,MONTANA,"REAGAN, RONALD",REPUBLICAN,206814,363952
1980,NEBRASKA,"REAGAN, RONALD",REPUBLICAN,419214,639533
1980,NEVADA,"REAGAN, RONALD",REPUBLICAN,155017,243692
1980,NEW HAMPSHIRE,"REAGAN, RONALD",REPUBLICAN,221705,383990
1980,NEW JERSEY,"REAGAN, RONALD",REPUBLICAN,1546557,2975684
1980,NEW MEXICO,"REAGAN, RONALD",REPUBLICAN,250779,456237
1980,NEW YORK,"CARTER, JIMMY",DEMOCRAT,2728372,6201959
1980,NORTH CAROLINA,"REAGAN, RONALD",REPUBLICAN,915018,1855833
1980,NORTH DAKOTA,"REAGAN, RONALD",REPUBLICAN,193695,301116
1980,OHIO,"REAGAN, RONALD",REPUBLICAN,2206545,4283603
1980,OKLAHOMA,"REAGAN, RONALD",REPUBLICAN,695570,1149708
1980,OREGON,"REAGAN, RONALD",REPUBLICAN,571044,1181516
1980,PENNSYLVANIA,"REAGAN, RONALD",REPUBLICAN,2261872,4561501
1980,RHODE ISLAND,"CARTER, JIMMY",DEMOCRAT,198342,415967
1980,SOUTH CAROLINA,"REAGAN, RONALD",REPUBLICAN,439277,888258
1980,SOUTH DAKOTA,"REAGAN, RONALD",REPUBLICAN,198343,327703
1980,TENNESSEE,"REAGAN, RONALD",REPUBLICAN,787761,1617616
1980,TEXAS,"REAGAN, RONALD",REPUBLICAN,2510705,4541636
1980,UTAH,"REAGAN, RONALD",REPUBLICAN,439687,604152
1980,VERMONT,"REAGAN, RONALD",REPUBLICAN,94628,213299
1980,VIRGINIA,"REAGAN, RONALD",REPUBLICAN,989609,1866032
1980,WASHINGTON,"REAGAN, RONALD",REPUBLICAN,865244,1742394
1980,WEST VIRGINIA,"CARTER, JIMMY",DEMOCRAT,367462,737715
1980,WISCONSIN,"REAGAN, RONALD",REPUBLICAN,1088845,2273221
1980,WYOMING,"REAGAN, RONALD",REPUBLICAN,110700,176713
1984,ALABAMA,"REAGAN, RONALD",REPUBLICAN,872849,1441713
1984,ALASKA,"REAGAN, RONALD",REPUBLICAN,138377,207605
1984,ARIZONA,"REAGAN, RONALD",REPUBLICAN,681416,1025897
1984,ARKANSAS,"REAGAN, RONALD",REPUBLICAN,534774,884406
1984,CALIFORNIA,"REAGAN, RONALD",REPUBLICAN,5467009,9505041
1984,COLORADO,"REAGAN, RONALD",REPUBLICAN,821817,1295380
1984,CONNECTICUT,"REAGAN, RONALD",REPUBLICAN,890877,1466900
1984,DELAWARE,"REAGAN, RONALD",REPUBLICAN,152190,254572
1984,DISTRICT OF COLUMBIA,"MONDALE, WALTER",DEMOCRAT,180408,211288
1984,FLORIDA,"REAGAN, RONALD",REPUBLICAN,2730350,4180051
1984,GEORGIA,"REAGAN, RONALD",REPUBLICAN,1068722,1776103
1984,HAWAII,"REAGAN, RONALD",REPUBLICAN,185050,335846
1984,IDAHO,"REAGAN, RONALD",REPUBLICAN,297523,411144
1984,ILLINOIS,"REAGAN, RONALD",REPUBLICAN,2707103,4819088
1984,INDIANA,"REAGAN, RONALD",REPUBLICAN,1377230,2233069
1984,IOWA,"REAGAN, RONALD",REPUBLICAN,703088,1319805
1984,KANSAS,"REAGAN, RONALD",REPUBLICAN,677296,1021991
1984,KENTUCKY,"REAGAN, RONALD",REPUBLICAN,821702,1369345
1984,LOUISIANA,"REAGAN, RONALD",REPUBLICAN,1037299,1706822
1984,MAINE,"REAGAN, RONALD",REPUBLICAN,336500,553144
1984,MARYLAND,"REAGAN, RONALD",REPUBLICAN,879918,1675873
1984,MASSACHUSETTS,"REAGAN, RONALD",REPUBLICAN,1310936,2559383
1984,MICHIGAN,"REAGAN, RONALD",REPUBLICAN,2251571,3801658
1984,MINNESOTA,"MONDALE, WALTER",DEMOCRAT,1036364,2084449
1984,MISSISSIPPI,"REAGAN, RONALD",REPUBLICAN,582377,941104
1984,MISSOURI,"REAGAN, RONALD",REPUBLICAN,1274188,2122771
1984,MONTANA,"REAGAN, RONALD",REPUBLICAN,232450,384377
1984,NEBRASKA,"REAGAN, RONALD",REPUBLICAN,460054,652090
1984,NEVADA,"REAGAN, RONALD",REPUBLICAN,188770,282717
1984,NEW HAMPSHIRE,"REAGAN, RONALD",REPUBLICAN,267050,388904
1984,NEW JERSEY,"REAGAN, RONALD",REPUBLICAN,1933630,3217862
1984,NEW MEXICO,"REAGAN, RONALD",REPUBLICAN,307101,514370
1984,NEW YORK,"REAGAN, RONALD",REPUBLICAN,3376519,6806810
1984,NORTH CAROLINA,"REAGAN, RONALD",REPUBLICAN,1346481,2175361
1984,NORTH DAKOTA,"REAGAN, RONALD",REPUBLICAN,200336,308971
1984,OHIO,"REAGAN, RONALD",REPUBLICAN,2678559,4563235
1984,OKLAHOMA,"REAGAN, RONALD",REPUBLICAN,861530,1255676
1984,OREGON,"REAGAN, RONALD",REPUBLICAN,685700,1226527
1984,PENNSYLVANIA,"REAGAN, RONALD",REPUBLICAN,2584323,4844903
1984,RHODE ISLAND,"REAGAN, RONALD",REPUBLICAN,212080,410489
1984,SOUTH CAROLINA,"REAGAN, RONALD",REPUBLICAN,615539,968529
1984,SOUTH DAKOTA,"REAGAN, RONALD",REPUBLICAN,200267,317867
1984,TENNESSEE,"REAGAN, RONALD",REPUBLICAN,990212,1711993
1984,TEXAS,"REAGAN, RONALD",REPUBLICAN,3433428,5397571
1984,UTAH,"REAGAN, RONALD",REPUBLICAN,469105,629656
1984,VERMONT,"REAGAN, RONALD",REPUBLICAN,135865,234561
1984,VIRGINIA,"REAGAN, RONALD",REPUBLICAN,1337078,2146635
1984,WASHINGTON,"REAGAN, RONALD",REPUBLICAN,1051670,1874910
1984,WEST VIRGINIA,"REAGAN, RONALD",REPUBLICAN,405483,735742
1984,WISCONSIN,"REAGAN, RONALD",REPUBLICAN,1198584,2211689
1984,WYOMING,"REAGAN, RONALD",REPUBLICAN,133241,188968
1988,ALABAMA,"BUSH, GEORGE H.W.",REPUBLICAN,815576,1378476
1988,ALASKA,"BUSH, GEORGE H.W.",REPUBLICAN,119251,200116
1988,ARIZONA,"BUSH, GEORGE H.W.",REPUBLICAN,702541,1171873
1988,ARKANSAS,"BUSH, GEORGE H.W.",REPUBLICAN,466578,827738
1988,CALIFORNIA,"BUSH, GEORGE H.W.",REPUBLICAN,5054917,9887065
1988,COLORADO,"BUSH, GEORGE H.W.",REPUBLICAN,728177,1372394
1988,CONNECTICUT,"BUSH, GEORGE H.W.",REPUBLICAN,750241,1443394
1988,DELAWARE,"BUSH, GEORGE H.W.",REPUBLICAN,139639,249891
1988,DISTRICT OF COLUMBIA,"DUKAKIS, MICHAEL",DEMOCRAT,159407,192877
1988,FLORIDA,"BUSH, GEORGE H.W.",REPUBLICAN,2618885,4302313
1988,GEORGIA,"BUSH, GEORGE H.W.",REPUBLICAN,1081331,1809672
1988,HAWAII,"DUKAKIS, MICHAEL",DEMOCRAT,192364,354461
1988,IDAHO,"BUSH, GEORGE H.W.",REPUBLICAN,253881,408968
1988,ILLINOIS,"BUSH, GEORGE H.W.",REPUBLICAN,2310939,4559120
1988,INDIANA,"BUSH, GEORGE H.W.",REPUBLICAN,1297763,2168621
1988,IOWA,"DUKAKIS, MICHAEL",DEMOCRAT,670557,1225614
1988,KANSAS,"BUSH, GEORGE H.W.",REPUBLICAN,554049,993044
1988,KENTUCKY,"BUSH, GEORGE H.W.",REPUBLICAN,734281,1322517
1988,LOUISIANA,"BUSH, GEORGE H.W.",REPUBLICAN,883702,1628202
1988,MAINE,"BUSH, GEORGE H.W.",REPUBLICAN,307131,555035
1988,MARYLAND,"BUSH, GEORGE H.W.",REPUBLICAN,876167,1714358
1988,MASSACHUSETTS,"DUKAKIS, MICHAEL",DEMOCRAT,1401415,2632801
1988,MICHIGAN,"BUSH, GEORGE H.W.",REPUBLICAN,1965486,3669163
1988,MINNESOTA,"DUKAKIS, MICHAEL",DEMOCRAT,1109471,2096790
1988,MISSISSIPPI,"BUSH, GEORGE H.W.",REPUBLICAN,557890,931527
1988,MISSOURI,"BUSH, GEORGE H.W.",REPUBLICAN,1084953,2093228
1988,MONTANA,"BUSH, GEORGE H.W.",REPUBLICAN,190412,365674
1988,NEBRASKA,"BUSH, GEORGE H.W.",REPUBLICAN,397956,661465
1988,NEVADA,"BUSH, GEORGE H.W.",REPUBLICAN,206040,343133
1988,NEW HAMPSHIRE,"BUSH, GEORGE H.W.",REPUBLICAN,281537,450525
1988,NEW JERSEY,"BUSH, GEORGE H.W.",REPUBLICAN,1743192,3099553
1988,NEW MEXICO,"BUSH, GEORGE H.W.",REPUBLICAN,270341,521387
1988,NEW YORK,"DUKAKIS, MICHAEL",DEMOCRAT,3255487,6485683
1988,NORTH CAROLINA,"BUSH, GEORGE H.W.",REPUBLICAN,1237258,2134370
1988,NORTH DAKOTA,"BUSH, GEORGE H.W.",REPUBLICAN,166559,297261
1988,OHIO,"BUSH, GEORGE H.W.",REPUBLICAN,2416549,4393585
1988,OKLAHOMA,"BUSH, GEORGE H.W.",REPUBLICAN,678367,1171036
1988,OREGON,"DUKAKIS, MICHAEL",DEMOCRAT,616206,1201694
1988,PENNSYLVANIA,"BUSH, GEORGE H.W.",REPUBLICAN,2300087,4536251
1988,RHODE ISLAND,"DUKAKIS, MICHAEL",DEMOCRAT,225123,404622
1988,SOUTH CAROLINA,"BUSH, GEORGE H.W.",REPUBLICAN,606443,986009
1988,SOUTH DAKOTA,"BUSH, GEORGE H.W.",REPUBLICAN,165415,312991
1988,TENNESSEE,"BUSH, GEORGE H.W.",REPUBLICAN,947233,1636250
1988,TEXAS,"BUSH, GEORGE H.W.",REPUBLICAN,3036829,5427410
1988,UTAH,"BUSH, GEORGE H.W.",REPUBLICAN,428442,647008
1988,VERMONT,"BUSH, GEORGE H.W.",REPUBLICAN,124331,243328
1988,VIRGINIA,"BUSH, GEORGE H.W.",REPUBLICAN,1309162,2191609
1988,WASHINGTON,"DUKAKIS, MICHAEL",DEMOCRAT,933516,1865253
1988,WEST VIRGINIA,"DUKAKIS, MICHAEL",DEMOCRAT,341016,653311
1988,WISCONSIN,"DUKAKIS, MICHAEL",DEMOCRAT,1126794,2191608
1988,WYOMING,"BUSH, GEORGE H.W.",REPUBLICAN,106867,176551
1992,ALABAMA,"BUSH, GEORGE H.W.",REPUBLICAN,804283,1688060
1992,ALASKA,"BUSH, GEORGE H.W.",REPUBLICAN,102000,258506
1992,ARIZONA,"BUSH, GEORGE H.W.",REPUBLICAN,572086,1486975
1992,ARKANSAS,"CLINTON, BILL",DEMOCRAT,505823,950653
1992,CALIFORNIA,"CLINTON, BILL",DEMOCRAT,5121325,11131721
1992,COLORADO,"CLINTON, BILL",DEMOCRAT,629681,1569180
1992,CONNECTICUT,"CLINTON, BILL",DEMOCRAT,682318,1616156
1992,DELAWARE,"CLINTON, BILL",DEMOCRAT,126054,289620
1992,DISTRICT OF COLUMBIA,"CLINTON, BILL",DEMOCRAT,192619,227572
1992,FLORIDA,"BUSH, GEORGE H.W.",REPUBLICAN,2173310,5313392
1992,GEORGIA,"CLINTON, BILL",DEMOCRAT,1008966,2321133
1992,HAWAII,"CLINTON, BILL",DEMOCRAT,179310,372842
1992,IDAHO,"BUSH, GEORGE H.W.",REPUBLICAN,202645,482114
1992,ILLINOIS,"CLINTON, BILL",DEMOCRAT,2453350,5050157
1992,INDIANA,"BUSH, GEORGE H.W.",REPUBLICAN,989375,2305871
1992,IOWA,"CLINTON, BILL",DEMOCRAT,586353,1354607
1992,KANSAS,"BUSH, GEORGE H.W.",REPUBLICAN,449951,1157236
1992,KENTUCKY,"CLINTON, BILL",DEMOCRAT,665104,1492900
1992,LOUISIANA,"CLINTON, BILL",DEMOCRAT,815971,1790017
1992,MAINE,"CLINTON, BILL",DEMOCRAT,263420,679499
1992,MARYLAND,"CLINTON, BILL",DEMOCRAT,988571,1984580
1992,MASSACHUSETTS,"CLINTON, BILL",DEMOCRAT,1318639,2773664
1992,MICHIGAN,"CLINTON, BILL",DEMOCRAT,1871182,4274673
1992,MINNESOTA,"CLINTON, BILL",DEMOCRAT,1020997,2347948
1992,MISSISSIPPI,"BUSH, GEORGE H.W.",REPUBLICAN,487793,981793
1992,MISSOURI,"CLINTON, BILL",DEMOCRAT,1053873,2391270
1992,MONTANA,"CLINTON, BILL",DEMOCRAT,154507,410583
1992,NEBRASKA,"BUSH, GEORGE H.W.",REPUBLICAN,343678,737546
1992,NEVADA,"CLINTON, BILL",DEMOCRAT,189148,506318
1992,NEW HAMPSHIRE,"CLINTON, BILL",DEMOCRAT,209040,537215
1992,NEW JERSEY,"CLINTON, BILL",DEMOCRAT,1436206,3343594
1992,NEW MEXICO,"CLINTON, BILL",DEMOCRAT,261617,569986
1992,NEW YORK,"CLINTON, BILL",DEMOCRAT,3346894,7079432
1992,NORTH CAROLINA,"BUSH, GEORGE H.W.",REPUBLICAN,1134661,2611850
1992,NORTH DAKOTA,"BUSH, GEORGE H.W.",REPUBLICAN,136244,308133
1992,OHIO,"CLINTON, BILL",DEMOCRAT,1984942,4939967
1992,OKLAHOMA,"BUSH, GEORGE H.W.",REPUBLICAN,592929,1390359
1992,OREGON,"CLINTON, BILL",DEMOCRAT,621314,1462643
1992,PENNSYLVANIA,"CLINTON, BILL",DEMOCRAT,2239164,4959810
1992,RHODE ISLAND,"CLINTON, BILL",DEMOCRAT,213299,453365
1992,SOUTH CAROLINA,"BUSH, GEORGE H.W.",REPUBLICAN,577507,1228912
1992,SOUTH DAKOTA,"BUSH, GEORGE H.W.",REPUBLICAN,136718,336254
1992,TENNESSEE,"CLINTON, BILL",DEMOCRAT,933521,1982638
1992,TEXAS,"BUSH, GEORGE H.W.",REPUBLICAN,2496071,6154018
1992,UTAH,"BUSH, GEORGE H.W.",REPUBLICAN,322632,743998
1992,VERMONT,"CLINTON, BILL",DEMOCRAT,133592,289701
1992,VIRGINIA,"BUSH, GEORGE H.W.",REPUBLICAN,1150517,2559129
1992,WASHINGTON,"CLINTON, BILL",DEMOCRAT,993037,2287565
1992,WEST VIRGINIA,"CLINTON, BILL",DEMOCRAT,331001,683677
1992,WISCONSIN,"CLINTON, BILL",DEMOCRAT,1041066,2531064
1992,WYOMING,"BUSH, GEORGE H.W.",REPUBLICAN,79347,199884
1996,ALABAMA,"DOLE, ROBERT",REPUBLICAN,769044,1534349
1996,ALASKA,"DOLE, ROBERT",REPUBLICAN,122746,241620
1996,ARIZONA,"CLINTON, BILL",DEMOCRAT,653288,1404405
1996,ARKANSAS,"CLINTON, BILL",DEMOCRAT,475171,884262
1996,CALIFORNIA,"CLINTON, BILL",DEMOCRAT,5119835,10019469
1996,COLORADO,"DOLE, ROBERT",REPUBLICAN,691848,1510702
1996,CONNECTICUT,"CLINTON, BILL",DEMOCRAT,735740,1392614
1996,DELAWARE,"CLINTON, BILL",DEMOCRAT,140355,270810
1996,DISTRICT OF COLUMBIA,"CLINTON, BILL",DEMOCRAT,158220,185726
1996,FLORIDA,"CLINTON, BILL",DEMOCRAT,2546870,5303154
1996,GEORGIA,"DOLE, ROBERT",REPUBLICAN,1080843,2298899
1996,HAWAII,"CLINTON, BILL",DEMOCRAT,205012,360120
1996,IDAHO,"DOLE, ROBERT",REPUBLICAN,256595,491711
1996,ILLINOIS,"CLINTON, BILL",DEMOCRAT,2341744,4311391
1996,INDIANA,"DOLE, ROBERT",REPUBLICAN,1006693,2135431
1996,IOWA,"CLINTON, BILL",DEMOCRAT,620258,1234075
1996,KANSAS,"DOLE, ROBERT",REPUBLICAN,583245,1074300
1996,KENTUCKY,"CLINTON, BILL",DEMOCRAT,636614,1388708
1996,LOUISIANA,"CLINTON, BILL",DEMOCRAT,927837,1783959
1996,MAINE,"CLINTON, BILL",DEMOCRAT,312788,605897
1996,MARYLAND,"CLINTON, BILL",DEMOCRAT,966207,1780870
1996,MASSACHUSETTS,"CLINTON, BILL",DEMOCRAT,1571509,2556459
1996,MICHIGAN,"CLINTON, BILL",DEMOCRAT,1989653,3848844
1996,MINNESOTA,"CLINTON, BILL",DEMOCRAT,1120380,2192492
1996,MISSISSIPPI,"DOLE, ROBERT",REPUBLICAN,439838,893857
1996,MISSOURI,"CLINTON, BILL",DEMOCRAT,1025935,2158065
1996,MONTANA,"DOLE, ROBERT",REPUBLICAN,179652,407083
1996,NEBRASKA,"DOLE, ROBERT",REPUBLICAN,363467,677415
1996,NEVADA,"CLINTON, BILL",DEMOCRAT,203974,464279
1996,NEW HAMPSHIRE,"CLINTON, BILL",DEMOCRAT,246166,496597
1996,NEW JERSEY,"CLINTON, BILL",DEMOCRAT,1652361,3075860
1996,NEW MEXICO,"CLINTON, BILL",DEMOCRAT,273495,556074
1996,NEW YORK,"CLINTON, BILL",DEMOCRAT,3649630,6439129
1996,NORTH CAROLINA,"DOLE, ROBERT",REPUBLICAN,1225938,2515807
1996,NORTH DAKOTA,"DOLE, ROBERT",REPUBLICAN,125050,266411
1996,OHIO,"CLINTON, BILL",DEMOCRAT,2148222,4534434
1996,OKLAHOMA,"DOLE, ROBERT",REPUBLICAN,582315,1206713
1996,OREGON,"CLINTON, BILL",DEMOCRAT,649641,1377760
1996,PENNSYLVANIA,"CLINTON, BILL",DEMOCRAT,2215819,4501307
1996,RHODE ISLAND,"CLINTON, BILL",DEMOCRAT,233050,390247
1996,SOUTH CAROLINA,"DOLE, ROBERT",REPUBLICAN,573339,1150182
1996,SOUTH DAKOTA,"DOLE, ROBERT",REPUBLICAN,150543,323826
1996,TENNESSEE,"CLINTON, BILL",DEMOCRAT,909146,1894105
1996,TEXAS,"DOLE, ROBERT",REPUBLICAN,2736167,5611644
1996,UTAH,"DOLE, ROBERT",REPUBLICAN,361911,665629
1996,VERMONT,"CLINTON, BILL",DEMOCRAT,137894,258449
1996,VIRGINIA,"DOLE, ROBERT",REPUBLICAN,1138350,2416642
1996,WASHINGTON,"CLINTON, BILL",DEMOCRAT,1123323,2253837
1996,WEST VIRGINIA,"CLINTON, BILL",DEMOCRAT,327812,636459
1996,WISCONSIN,"CLINTON, BILL",DEMOCRAT,1071971,2196169
1996,WYOMING,"DOLE, ROBERT",REPUBLICAN,105388,211571
2000,ALABAMA,"BUSH, GEORGE W.",REPUBLICAN,941173,1666272
2000,ALASKA,"BUSH, GEORGE W.",REPUBLICAN,167398,285560
2000,ARIZONA,"BUSH, GEORGE W.",REPUBLICAN,781652,1532016
2000,ARKANSAS,"BUSH, GEORGE W.",REPUBLICAN,472940,921781
2000,CALIFORNIA,"GORE, AL",DEMOCRAT,5861203,10965822
2000,COLORADO,"BUSH, GEORGE W.",REPUBLICAN,883748,1741368
2000,CONNECTICUT,"GORE, AL",DEMOCRAT,816015,1459525
2000,DELAWARE,"GORE, AL",DEMOCRAT,180068,327529
2000,DISTRICT OF COLUMBIA,"GORE, AL",DEMOCRAT,171923,201894
2000,FLORIDA,"BUSH, GEORGE W.",REPUBLICAN,2912790,5963110
2000,GEORGIA,"BUSH, GEORGE W.",REPUBLICAN,1419720,2583208
2000,HAWAII,"GORE, AL",DEMOCRAT,205286,367951
2000,IDAHO,"BUSH, GEORGE W.",REPUBLICAN,336937,501615
2000,ILLINOIS,"GORE, AL",DEMOCRAT,2589026,4742108
2000,INDIANA,"BUSH, GEORGE W.",REPUBLICAN,1245836,2199302
2000,IOWA,"GORE, AL",DEMOCRAT,638517,1353022
2000,KANSAS,"BUSH, GEORGE W.",REPUBLICAN,622332,1072216
2000,KENTUCKY,"BUSH, GEORGE W.",REPUBLICAN,872520,1544106
2000,LOUISIANA,"BUSH, GEORGE W.",REPUBLICAN,927871,1765656
2000,MAINE,"GORE, AL",DEMOCRAT,319951,651817
2000,MARYLAND,"GORE, AL",DEMOCRAT,1144008,2025212
2000,MASSACHUSETTS,"GORE, AL",DEMOCRAT,1616487,2733964
2000,MICHIGAN,"GORE, AL",DEMOCRAT,2170418,4232501
2000,MINNESOTA,"GORE, AL",DEMOCRAT,1168266,2438685
2000,MISSISSIPPI,"BUSH, GEORGE W.",REPUBLICAN,572844,994184
2000,MISSOURI,"BUSH, GEORGE W.",REPUBLICAN,1189924,2359892
2000,MONTANA,"BUSH, GEORGE W.",REPUBLICAN,240178,410986
2000,NEBRASKA,"BUSH, GEORGE W.",REPUBLICAN,433862,697019
2000,NEVADA,"BUSH, GEORGE W.",REPUBLICAN,301575,609426
2000,NEW HAMPSHIRE,"BUSH, GEORGE W.",REPUBLICAN,273559,569081
2000,NEW JERSEY,"GORE, AL",DEMOCRAT,1788850,3187226
2000,NEW MEXICO,"GORE, AL",DEMOCRAT,286783,598605
2000,NEW YORK,"GORE, AL",DEMOCRAT,3942215,6960215
2000,NORTH CAROLINA,"BUSH, GEORGE W.",REPUBLICAN,1631163,2914990
2000,NORTH DAKOTA,"BUSH, GEORGE W.",REPUBLICAN,174852,288256
2000,OHIO,"BUSH, GEORGE W.",REPUBLICAN,2350363,4701998
2000,OKLAHOMA,"BUSH, GEORGE W.",REPUBLICAN,744337,1234229
2000,OREGON,"GORE, AL",DEMOCRAT,720342,1533950
2000,PENNSYLVANIA,"GORE, AL",DEMOCRAT,2485967,4912185
2000,RHODE ISLAND,"GORE, AL",DEMOCRAT,249508,409112
2000,SOUTH CAROLINA,"BUSH, GEORGE W.",REPUBLICAN,786892,1383902
2000,SOUTH DAKOTA,"BUSH, GEORGE W.",REPUBLICAN,190700,316269
2000,TENNESSEE,"BUSH, GEORGE W.",REPUBLICAN,1061949,2076181
2000,TEXAS,"BUSH, GEORGE W.",REPUBLICAN,3799639,6407637
2000,UTAH,"BUSH, GEORGE W.",REPUBLICAN,515096,770754
2000,VERMONT,"GORE, AL",DEMOCRAT,149022,294308
2000,VIRGINIA,"BUSH, GEORGE W.",REPUBLICAN,1437490,2739447
2000,WASHINGTON,"GORE, AL",DEMOCRAT,1247652,2487433
2000,WEST VIRGINIA,"BUSH, GEORGE W.",REPUBLICAN,336475,648124
2000,WISCONSIN,"GORE, AL",DEMOCRAT,1242987,2598607
2000,WYOMING,"BUSH, GEORGE W.",REPUBLICAN,147947,213726
2004,ALABAMA,"BUSH, GEORGE W.",REPUBLICAN,1176394,1883415
2004,ALASKA,"BUSH, GEORGE W.",REPUBLICAN,190889,312598
2004,ARIZONA,"BUSH, GEORGE W.",REPUBLICAN,1104294,2012585
2004,ARKANSAS,"BUSH, GEORGE W.",REPUBLICAN,572898,1054945
2004,CALIFORNIA,"KERRY, JOHN",DEMOCRAT,6745485,12421353
2004,COLORADO,"BUSH, GEORGE W.",REPUBLICAN,1101255,2129630
2004,CONNECTICUT,"KERRY, JOHN",DEMOCRAT,857488,1578769
2004,DELAWARE,"KERRY, JOHN",DEMOCRAT,200152,375190
2004,DISTRICT OF COLUMBIA,"KERRY, JOHN",DEMOCRAT,202970,227586
2004,FLORIDA,"BUSH, GEORGE W.",REPUBLICAN,3964522,7609810
2004,GEORGIA,"BUSH, GEORGE W.",REPUBLICAN,1914254,3301875
2004,HAWAII,"KERRY, JOHN",DEMOCRAT,231708,429013
2004,IDAHO,"BUSH, GEORGE W.",REPUBLICAN,409235,598376
2004,ILLINOIS,"KERRY, JOHN",DEMOCRAT,2891550,5274322
2004,INDIANA,"BUSH, GEORGE W.",REPUBLICAN,1479438,2468002
2004,IOWA,"BUSH, GEORGE W.",REPUBLICAN,751957,1506908
2004,KANSAS,"BUSH, GEORGE W.",REPUBLICAN,736456,1187756
2004,KENTUCKY,"BUSH, GEORGE W.",REPUBLICAN,1069439,1795882
2004,LOUISIANA,"BUSH, GEORGE W.",REPUBLICAN,1102169,1943106
2004,MAINE,"KERRY, JOHN",DEMOCRAT,396842,740752
2004,MARYLAND,"KERRY, JOHN",DEMOCRAT,1334493,2384238
2004,MASSACHUSETTS,"KERRY, JOHN",DEMOCRAT,1803800,2927455
2004,MICHIGAN,"KERRY, JOHN",DEMOCRAT,2479183,4839252
2004,MINNESOTA,"KERRY, JOHN",DEMOCRAT,1445014,2828387
2004,MISSISSIPPI,"BUSH, GEORGE W.",REPUBLICAN,672660,1139824
2004,MISSOURI,"BUSH, GEORGE W.",REPUBLICAN,1455713,2731364
2004,MONTANA,"BUSH, GEORGE W.",REPUBLICAN,266063,450434
2004,NEBRASKA,"BUSH, GEORGE W.",REPUBLICAN,512814,778186
2004,NEVADA,"BUSH, GEORGE W.",REPUBLICAN,418690,829587
2004,NEW HAMPSHIRE,"KERRY, JOHN",DEMOCRAT,340511,678287
2004,NEW JERSEY,"KERRY, JOHN",DEMOCRAT,1911430,3611691
2004,NEW MEXICO,"BUSH, GEORGE W.",REPUBLICAN,376930,756304
2004,NEW YORK,"KERRY, JOHN",DEMOCRAT,4180755,7448266
2004,NORTH CAROLINA,"BUSH, GEORGE W.",REPUBLICAN,1961166,3501007
2004,NORTH DAKOTA,"BUSH, GEORGE W.",REPUBLICAN,196651,312833
2004,OHIO,"BUSH, GEORGE W.",REPUBLICAN,2859764,5627903
2004,OKLAHOMA,"BUSH, GEORGE W.",REPUBLICAN,959792,1463758
2004,OREGON,"KERRY, JOHN",DEMOCRAT,943163,1836782
2004,PENNSYLVANIA,"KERRY, JOHN",DEMOCRAT,2938095,5769590
2004,RHODE ISLAND,"KERRY, JOHN",DEMOCRAT,259760,437134
2004,SOUTH CAROLINA,"BUSH, GEORGE W.",REPUBLICAN,937974,1617700
2004,SOUTH DAKOTA,"BUSH, GEORGE W.",REPUBLICAN,232584,388215
2004,TENNESSEE,"BUSH, GEORGE W.",REPUBLICAN,1384375,2437319
2004,TEXAS,"BUSH, GEORGE W.",REPUBLICAN,4526917,7410749
2004,UTAH,"BUSH, GEORGE W.",REPUBLICAN,663742,927844
2004,VERMONT,"KERRY, JOHN",DEMOCRAT,184067,312309
2004,VIRGINIA,"BUSH, GEORGE W.",REPUBLICAN,1716959,3195415
2004,WASHINGTON,"KERRY, JOHN",DEMOCRAT,1510201,2859084
2004,WEST VIRGINIA,"BUSH, GEORGE W.",REPUBLICAN,423778,755792
2004,WISCONSIN,"KERRY, JOHN",DEMOCRAT,1489504,2997007
2004,WYOMING,"BUSH, GEORGE W.",REPUBLICAN,167629,243861
2008,ALABAMA,"MCCAIN, JOHN",REPUBLICAN,1266546,2099819
2008,ALASKA,"MCCAIN, JOHN",REPUBLICAN,193841,326197
2008,ARIZONA,"MCCAIN, JOHN",REPUBLICAN,1230111,2293475
2008,ARKANSAS,"MCCAIN, JOHN",REPUBLICAN,638017,1086617
2008,CALIFORNIA,"OBAMA, BARACK H.",DEMOCRAT,8274473,13561900
2008,COLORADO,"OBAMA, BARACK H.",DEMOCRAT,1288576,2401361
2008,CONNECTICUT,"OBAMA, BARACK H.",DEMOCRAT,997772,1646792
2008,DELAWARE,"OBAMA, BARACK H.",DEMOCRAT,255459,412412
2008,DISTRICT OF COLUMBIA,"OBAMA, BARACK H.",DEMOCRAT,245800,265853
2008,FLORIDA,"OBAMA, BARACK H.",DEMOCRAT,4282074,8390744
2008,GEORGIA,"MCCAIN, JOHN",REPUBLICAN,2048759,3924486
2008,HAWAII,"OBAMA, BARACK H.",DEMOCRAT,325871,456064
2008,IDAHO,"MCCAIN, JOHN",REPUBLICAN,403012,655122
2008,ILLINOIS,"OBAMA, BARACK H.",DEMOCRAT,3419348,5522371
2008,INDIANA,"OBAMA, BARACK H.",DEMOCRAT,1374039,2751054
2008,IOWA,"OBAMA, BARACK H.",DEMOCRAT,828940,1537123
2008,KANSAS,"MCCAIN, JOHN",REPUBLICAN,699655,1235872
2008,KENTUCKY,"MCCAIN, JOHN",REPUBLICAN,1048462,1826620
2008,LOUISIANA,"MCCAIN, JOHN",REPUBLICAN,1148275,1960761
2008,MAINE,"OBAMA, BARACK H.",DEMOCRAT,421923,731163
2008,MARYLAND,"OBAMA, BARACK H.",DEMOCRAT,1629467,2631596
2008,MASSACHUSETTS,"OBAMA, BARACK H.",DEMOCRAT,1904097,3102995
2008,MICHIGAN,"OBAMA, BARACK H.",DEMOCRAT,2872579,5001596
2008,MINNESOTA,"OBAMA, BARACK H.",DEMOCRAT,1573354,2910369
2008,MISSISSIPPI,"MCCAIN, JOHN",REPUBLICAN,724597,1289865
2008,MISSOURI,"MCCAIN, JOHN",REPUBLICAN,1445814,2925205
2008,MONTANA,"MCCAIN, JOHN",REPUBLICAN,242763,490109
2008,NEBRASKA,"MCCAIN, JOHN",REPUBLICAN,452979,801281
2008,NEVADA,"OBAMA, BARACK H.",DEMOCRAT,533736,967848
2008,NEW HAMPSHIRE,"OBAMA, BARACK H.",DEMOCRAT,384826,710970
2008,NEW JERSEY,"OBAMA, BARACK H.",DEMOCRAT,2215422,3868237
2008,NEW MEXICO,"OBAMA, BARACK H.",DEMOCRAT,472422,830158
2008,NEW YORK,"OBAMA, BARACK H.",DEMOCRAT,4645332,7722019
2008,NORTH CAROLINA,"OBAMA, BARACK H.",DEMOCRAT,2142651,4310851
2008,NORTH DAKOTA,"MCCAIN, JOHN",REPUBLICAN,168601,316621
2008,OHIO,"OBAMA, BARACK H.",DEMOCRAT,2940044,5708350
2008,OKLAHOMA,"MCCAIN, JOHN",REPUBLICAN,960165,1462661
2008,OREGON,"OBAMA, BARACK H.",DEMOCRAT,1037291,1827864
2008,PENNSYLVANIA,"OBAMA, BARACK H.",DEMOCRAT,3276363,6013272
2008,RHODE ISLAND,"OBAMA, BARACK H.",DEMOCRAT,296571,471766
2008,SOUTH CAROLINA,"MCCAIN, JOHN",REPUBLICAN,1034896,1920969
2008,SOUTH DAKOTA,"MCCAIN, JOHN",REPUBLICAN,203054,381975
2008,TENNESSEE,"MCCAIN, JOHN",REPUBLICAN,1479178,2599749
2008,TEXAS,"MCCAIN, JOHN",REPUBLICAN,4479328,8077795
2008,UTAH,"MCCAIN, JOHN",REPUBLICAN,596030,952370
2008,VERMONT,"OBAMA, BARACK H.",DEMOCRAT,219262,325046
2008,VIRGINIA,"OBAMA, BARACK H.",DEMOCRAT,1959532,3723260
2008,WASHINGTON,"OBAMA, BARACK H.",DEMOCRAT,1750848,3036878
2008,WEST VIRGINIA,"MCCAIN, JOHN",REPUBLICAN,397466,713451
2008,WISCONSIN,"OBAMA, BARACK H.",DEMOCRAT,1677211,2983417
2008,WYOMING,"MCCAIN, JOHN",REPUBLICAN,164958,254904
2012,ALABAMA,"ROMNEY, MITT",REPUBLICAN,1255925,2074338
2012,ALASKA,"ROMNEY, MITT",REPUBLICAN,164676,300495
2012,ARIZONA,"ROMNEY, MITT",REPUBLICAN,1233654,2299254
2012,ARKANSAS,"ROMNEY, MITT",REPUBLICAN,647744,1069468
2012,CALIFORNIA,"OBAMA, BARACK H.",DEMOCRAT,7854285,13038547
2012,COLORADO,"OBAMA, BARACK H.",DEMOCRAT,1323101,2569516
2012,CONNECTICUT,"OBAMA, BARACK H.",DEMOCRAT,905083,1558204
2012,DELAWARE,"OBAMA, BARACK H.",DEMOCRAT,242584,413890
2012,DISTRICT OF COLUMBIA,"OBAMA, BARACK H.",DEMOCRAT,267070,293764
2012,FLORIDA,"OBAMA, BARACK H.",DEMOCRAT,4237756,8474179
2012,GEORGIA,"ROMNEY, MITT",REPUBLICAN,2078688,3897839
2012,HAWAII,"OBAMA, BARACK H.",DEMOCRAT,306658,437159
2012,IDAHO,"ROMNEY, MITT",REPUBLICAN,420911,652274
2012,ILLINOIS,"OBAMA, BARACK H.",DEMOCRAT,3019512,5242014
2012,INDIANA,"ROMNEY, MITT",REPUBLICAN,1420543,2624534
2012,IOWA,"OBAMA, BARACK H.",DEMOCRAT,822544,1582180
2012,KANSAS,"ROMNEY, MITT",REPUBLICAN,692634,1159971
2012,KENTUCKY,"ROMNEY, MITT",REPUBLICAN,1087190,1797212
2012,LOUISIANA,"ROMNEY, MITT",REPUBLICAN,1152262,1994065
2012,MAINE,"OBAMA, BARACK H.",DEMOCRAT,401306,724758
2012,MARYLAND,"OBAMA, BARACK H.",DEMOCRAT,1677844,2707327
2012,MASSACHUSETTS,"OBAMA, BARACK H.",DEMOCRAT,1921290,3184196
2012,MICHIGAN,"OBAMA, BARACK H.",DEMOCRAT,2564569,4730961
2012,MINNESOTA,"OBAMA, BARACK H.",DEMOCRAT,1546167,2936561
2012,MISSISSIPPI,"ROMNEY, MITT",REPUBLICAN,710746,1285584
2012,MISSOURI,"ROMNEY, MITT",REPUBLICAN,1482440,2757323
2012,MONTANA,"ROMNEY, MITT",REPUBLICAN,267928,484048
2012,NEBRASKA,"ROMNEY, MITT",REPUBLICAN,475064,794379
2012,NEVADA,"OBAMA, BARACK H.",DEMOCRAT,531373,1014918
2012,NEW HAMPSHIRE,"OBAMA, BARACK H.",DEMOCRAT,369561,710972
2012,NEW JERSEY,"OBAMA, BARACK H.",DEMOCRAT,2122786,3638499
2012,NEW MEXICO,"OBAMA, BARACK H.",DEMOCRAT,415335,783758
2012,NEW YORK,"OBAMA, BARACK H.",DEMOCRAT,4324228,7116784
2012,NORTH CAROLINA,"ROMNEY, MITT",REPUBLICAN,2270395,4505372
2012,NORTH DAKOTA,"ROMNEY, MITT",REPUBLICAN,188320,322932
2012,OHIO,"OBAMA, BARACK H.",DEMOCRAT,2827621,5580822
2012,OKLAHOMA,"ROMNEY, MITT",REPUBLICAN,891325,1334872
2012,OREGON,"OBAMA, BARACK H.",DEMOCRAT,970488,1789270
2012,PENNSYLVANIA,"OBAMA, BARACK H.",DEMOCRAT,2990274,5742040
2012,RHODE ISLAND,"OBAMA, BARACK H.",DEMOCRAT,279677,446049
2012,SOUTH CAROLINA,"ROMNEY, MITT",REPUBLICAN,1071645,1964118
2012,SOUTH DAKOTA,"ROMNEY, MITT",REPUBLICAN,210610,363815
2012,TENNESSEE,"ROMNEY, MITT",REPUBLICAN,1462330,2458577
2012,TEXAS,"ROMNEY, MITT",REPUBLICAN,4569843,7993851
2012,UTAH,"ROMNEY, MITT",REPUBLICAN,740600,1017440
2012,VERMONT,"OBAMA, BARACK H.",DEMOCRAT,199239,299290
2012,VIRGINIA,"OBAMA, BARACK H.",DEMOCRAT,1971820,3854489
2012,WASHINGTON,"OBAMA, BARACK H.",DEMOCRAT,1755396,3125516
2012,WEST VIRGINIA,"ROMNEY, MITT",REPUBLICAN,417655,670438
2012,WISCONSIN,"OBAMA, BARACK H.",DEMOCRAT,1620985,3071434
2012,WYOMING,"ROMNEY, MITT",REPUBLICAN,170962,250701
2016,ALABAMA,"TRUMP, DONALD J.",REPUBLICAN,1318255,2123372
2016,ALASKA,"TRUMP, DONALD J.",REPUBLICAN,163387,318608
2016,ARIZONA,"TRUMP, DONALD J.",REPUBLICAN,1252401,2573165
2016,ARKANSAS,"TRUMP, DONALD J.",REPUBLICAN,684872,1130635
2016,CALIFORNIA,"CLINTON, HILLARY",DEMOCRAT,8753788,14181595
2016,COLORADO,"CLINTON, HILLARY",DEMOCRAT,1338870,2780220
2016,CONNECTICUT,"CLINTON, HILLARY",DEMOCRAT,897572,1644920
2016,DELAWARE,"CLINTON, HILLARY",DEMOCRAT,235603,441590
2016,DISTRICT OF COLUMBIA,"CLINTON, HILLARY",DEMOCRAT,282830,312575
2016,FLORIDA,"TRUMP, DONALD J.",REPUBLICAN,4617886,9420039
2016,GEORGIA,"TRUMP, DONALD J.",REPUBLICAN,2089104,4114732
2016,HAWAII,"CLINTON, HILLARY",DEMOCRAT,266891,437664
2016,IDAHO,"TRUMP, DONALD J.",REPUBLICAN,409055,690255
2016,ILLINOIS,"CLINTON, HILLARY",DEMOCRAT,3090729,5536424
2016,INDIANA,"TRUMP, DONALD J.",REPUBLICAN,1557286,2734958
2016,IOWA,"TRUMP, DONALD J.",REPUBLICAN,800983,1565580
2016,KANSAS,"TRUMP, DONALD J.",REPUBLICAN,671018,1184402
2016,KENTUCKY,"TRUMP, DONALD J.",REPUBLICAN,1202971,1924149
2016,LOUISIANA,"TRUMP, DONALD J.",REPUBLICAN,1178638,2029032
2016,MAINE,"CLINTON, HILLARY",DEMOCRAT,357735,771892
2016,MARYLAND,"CLINTON, HILLARY",DEMOCRAT,1677928,2781446
2016,MASSACHUSETTS,"CLINTON, HILLARY",DEMOCRAT,1995196,3378821
2016,MICHIGAN,"TRUMP, DONALD J.",REPUBLICAN,2279543,4799284
2016,MINNESOTA,"CLINTON, HILLARY",DEMOCRAT,1367705,2944782
2016,MISSISSIPPI,"TRUMP, DONALD J.",REPUBLICAN,700714,1209357
2016,MISSOURI,"TRUMP, DONALD J.",REPUBLICAN,1594511,2808605
2016,MONTANA,"TRUMP, DONALD J.",REPUBLICAN,279240,494526
2016,NEBRASKA,"TRUMP, DONALD J.",REPUBLICAN,495961,844227
2016,NEVADA,"CLINTON, HILLARY",DEMOCRAT,539260,1125385
2016,NEW HAMPSHIRE,"CLINTON, HILLARY",DEMOCRAT,348526,744296
2016,NEW JERSEY,"CLINTON, HILLARY",DEMOCRAT,2148278,3874046
2016,NEW MEXICO,"CLINTON, HILLARY",DEMOCRAT,385234,798319
2016,NEW YORK,"CLINTON, HILLARY",DEMOCRAT,4379789,7802084
2016,NORTH CAROLINA,"TRUMP, DONALD J.",REPUBLICAN,2362631,4741564
2016,NORTH DAKOTA,"TRUMP, DONALD J.",REPUBLICAN,216794,344360
2016,OHIO,"TRUMP, DONALD J.",REPUBLICAN,2841005,5496487
2016,OKLAHOMA,"TRUMP, DONALD J.",REPUBLICAN,949136,1452992
2016,OREGON,"CLINTON, HILLARY",DEMOCRAT,1002106,2001336
2016,PENNSYLVANIA,"TRUMP, DONALD J.",REPUBLICAN,2970733,6115402
2016,RHODE ISLAND,"CLINTON, HILLARY",DEMOCRAT,252525,464144
2016,SOUTH CAROLINA,"TRUMP, DONALD J.",REPUBLICAN,1155389,2103027
2016,SOUTH DAKOTA,"TRUMP, DONALD J.",REPUBLICAN,227721,370093
2016,TENNESSEE,"TRUMP, DONALD J.",REPUBLICAN,1522925,2508027
2016,TEXAS,"TRUMP, DONALD J.",REPUBLICAN,4685047,8969226
2016,UTAH,"TRUMP, DONALD J.",REPUBLICAN,515211,1131317
2016,VERMONT,"CLINTON, HILLARY",DEMOCRAT,178573,320467
2016,VIRGINIA,"CLINTON, HILLARY",DEMOCRAT,1981473,3982752
2016,WASHINGTON,"CLINTON, HILLARY",DEMOCRAT,1742718,3317019
2016,WEST VIRGINIA,"TRUMP, DONALD J.",REPUBLICAN,489371,713051
2016,WISCONSIN,"TRUMP, DONALD J.",REPUBLICAN,1405284,2976150
2016,WYOMING,"TRUMP, DONALD J.",REPUBLICAN,174419,258788
2020,ALABAMA,"TRUMP, DONALD J.",REPUBLICAN,1441170,2323282
2020,ALASKA,"TRUMP, DONALD J.",REPUBLICAN,189951,359530
2020,ARIZONA,"BIDEN, JOSEPH R. JR",DEMOCRAT,1672143,3387326
2020,ARKANSAS,"TRUMP, DONALD J.",REPUBLICAN,760647,1219069
2020,CALIFORNIA,"BIDEN, JOSEPH R. JR",DEMOCRAT,11110250,17500881
2020,COLORADO,"BIDEN, JOSEPH R. JR",DEMOCRAT,1804352,3279980
2020,CONNECTICUT,"BIDEN, JOSEPH R. JR",DEMOCRAT,1080831,1823857
2020,DELAWARE,"BIDEN, JOSEPH R. JR",DEMOCRAT,296268,504346
2020,DISTRICT OF COLUMBIA,"BIDEN, JOSEPH R. JR",DEMOCRAT,317323,344356
2020,FLORIDA,"TRUMP, DONALD J.",REPUBLICAN,5668731,11067456
2020,GEORGIA,"BIDEN, JOSEPH R. JR",DEMOCRAT,2473633,4999960
2020,HAWAII,"BIDEN, JOSEPH R. JR",DEMOCRAT,366130,579784
2020,IDAHO,"TRUMP, DONALD J.",REPUBLICAN,554119,868014
2020,ILLINOIS,"BIDEN, JOSEPH R. JR",DEMOCRAT,3471915,6033743
2020,INDIANA,"TRUMP, DONALD J.",REPUBLICAN,1729519,3033118
2020,IOWA,"TRUMP, DONALD J.",REPUBLICAN,897672,1700130
2020,KANSAS,"TRUMP, DONALD J.",REPUBLICAN,771406,1372303
2020,KENTUCKY,"TRUMP, DONALD J.",REPUBLICAN,1326646,2136768
2020,LOUISIANA,"TRUMP, DONALD J.",REPUBLICAN,1255776,2148062
2020,MAINE,"BIDEN, JOSEPH R. JR",DEMOCRAT,435072,828305
2020,MARYLAND,"BIDEN, JOSEPH R. JR",DEMOCRAT,1985023,3037030
2020,MASSACHUSETTS,"BIDEN, JOSEPH R. JR",DEMOCRAT,2382202,3658005
2020,MICHIGAN,"BIDEN, JOSEPH R. JR",DEMOCRAT,2804040,5539302
2020,MINNESOTA,"BIDEN, JOSEPH R. JR",DEMOCRAT,1717077,3277171
2020,MISSISSIPPI,"TRUMP, DONALD J.",REPUBLICAN,756764,1313759
2020,MISSOURI,"TRUMP, DONALD J.",REPUBLICAN,1718736,3025962
2020,MONTANA,"TRUMP, DONALD J.",REPUBLICAN,343602,603674
2020,NEBRASKA,"TRUMP, DONALD J.",REPUBLICAN,556846,956383
2020,NEVADA,"BIDEN, JOSEPH R. JR",DEMOCRAT,703486,1405376
2020,NEW HAMPSHIRE,"BIDEN, JOSEPH R. JR",DEMOCRAT,424921,806182
2020,NEW JERSEY,"BIDEN, JOSEPH R. JR",DEMOCRAT,2608335,4549353
2020,NEW MEXICO,"BIDEN, JOSEPH R. JR",DEMOCRAT,501614,923965
2020,NEW YORK,"BIDEN, JOSEPH R. JR",DEMOCRAT,5230985,8661735
2020,NORTH CAROLINA,"TRUMP, DONALD J.",REPUBLICAN,2758773,5524802
2020,NORTH DAKOTA,"TRUMP, DONALD J.",REPUBLICAN,235595,361819
2020,OHIO,"TRUMP, DONALD J.",REPUBLICAN,3154834,5922202
2020,OKLAHOMA,"TRUMP, DONALD J.",REPUBLICAN,1020280,1560699
2020,OREGON,"BIDEN, JOSEPH R. JR",DEMOCRAT,1340383,2374321
2020,PENNSYLVANIA,"BIDEN, JOSEPH R. JR",DEMOCRAT,3458229,6915283
2020,RHODE ISLAND,"BIDEN, JOSEPH R. JR",DEMOCRAT,307486,516990
2020,SOUTH CAROLINA,"TRUMP, DONALD J.",REPUBLICAN,1385103,2514096
2020,SOUTH DAKOTA,"TRUMP, DONALD J.",REPUBLICAN,261043,422609
2020,TENNESSEE,"TRUMP, DONALD J.",REPUBLICAN,1852475,3053851
2020,TEXAS,"TRUMP, DONALD J.",REPUBLICAN,5890347,11315056
2020,UTAH,"TRUMP, DONALD J.",REPUBLICAN,865140,1488289
2020,VERMONT,"BIDEN, JOSEPH R. JR",DEMOCRAT,242820,370968
2020,VIRGINIA,"BIDEN, JOSEPH R. JR",DEMOCRAT,2413568,4460524
2020,WASHINGTON,"BIDEN, JOSEPH R. JR",DEMOCRAT,2369612,4087631
2020,WEST VIRGINIA,"TRUMP, DONALD J.",REPUBLICAN,545382,794652
2020,WISCONSIN,"BIDEN, JOSEPH R. JR",DEMOCRAT,1630866,3298041
2020,WYOMING,"TRUMP, DONALD J.",REPUBLICAN,193559,278503
