Year,State,Candidate,Party,Candidate Votes,Total Votes,Description,GDP
2000,ALABAMA,"BUSH, GEORGE W.",REPUBLICAN,941173,1666272,All industry total ,120522.6
2000,ALASKA,"BUSH, GEORGE W.",REPUBLICAN,167398,285560,All industry total ,26934.0
2000,ARIZONA,"BUSH, GEORGE W.",REPUBLICAN,781652,1532016,All industry total ,165735.6
2000,ARKANSAS,"BUSH, GEORGE W.",REPUBLICAN,472940,921781,All industry total ,69176.3
2000,CALIFORNIA,"GORE, AL",DEMOCRAT,5861203,10965822,All industry total ,1354791.3
2000,COLORADO,"BUSH, GEORGE W.",REPUBLICAN,883748,1741368,All industry total ,179303.3
2000,CONNECTICUT,"GORE, AL",DEMOCRAT,816015,1459525,All industry total ,165523.4
2000,DELAWARE,"GORE, AL",DEMOCRAT,180068,327529,All industry total ,43559.6
2000,DISTRICT OF COLUMBIA,"GORE, AL",DEMOCRAT,171923,201894,All industry total ,61267.7
2000,FLORIDA,"BUSH, GEORGE W.",REPUBLICAN,2912790,5963110,All industry total ,490094.4
2000,GEORGIA,"BUSH, GEORGE W.",REPUBLICAN,1419720,2583208,All industry total ,305323.7
2000,HAWAII,"GORE, AL",DEMOCRAT,205286,367951,All industry total ,41089.4
2000,IDAHO,"BUSH, GEORGE W.",REPUBLICAN,336937,501615,All industry total ,38344.1
2000,ILLINOIS,"GORE, AL",DEMOCRAT,2589026,4742108,All industry total ,486089.7
2000,INDIANA,"BUSH, GEORGE W.",REPUBLICAN,1245836,2199302,All industry total ,204147.3
2000,IOWA,"GORE, AL",DEMOCRAT,638517,1353022,All industry total ,93125.6
2000,KANSAS,"BUSH, GEORGE W.",REPUBLICAN,622332,1072216,All industry total ,85990.5
2000,KENTUCKY,"BUSH, GEORGE W.",REPUBLICAN,872520,1544106,All industry total ,114549.6
2000,LOUISIANA,"BUSH, GEORGE W.",REPUBLICAN,927871,1765656,All industry total ,132375.8
2000,MAINE,"GORE, AL",DEMOCRAT,319951,651817,All industry total ,37222.0
2000,MARYLAND,"GORE, AL",DEMOCRAT,1144008,2025212,All industry total ,191430.2
2000,MASSACHUSETTS,"GORE, AL",DEMOCRAT,1616487,2733964,All industry total ,287091.4
2000,MICHIGAN,"GORE, AL",DEMOCRAT,2170418,4232501,All industry total ,351879.5
2000,MINNESOTA,"GORE, AL",DEMOCRAT,1168266,2438685,All industry total ,192389.5
2000,MISSISSIPPI,"BUSH, GEORGE W.",REPUBLICAN,572844,994184,All industry total ,66051.5
2000,MISSOURI,"BUSH, GEORGE W.",REPUBLICAN,1189924,2359892,All industry total ,187012.8
2000,MONTANA,"BUSH, GEORGE W.",REPUBLICAN,240178,410986,All industry total ,21935.4
2000,NEBRASKA,"BUSH, GEORGE W.",REPUBLICAN,433862,697019,All industry total ,56582.7
2000,NEVADA,"BUSH, GEORGE W.",REPUBLICAN,301575,609426,All industry total ,77181.5
2000,NEW HAMPSHIRE,"BUSH, GEORGE W.",REPUBLICAN,273559,569081,All industry total ,45604.9
2000,NEW JERSEY,"GORE, AL",DEMOCRAT,1788850,3187226,All industry total ,360530.4
2000,NEW MEXICO,"GORE, AL",DEMOCRAT,286783,598605,All industry total ,55002.2
2000,NEW YORK,"GORE, AL",DEMOCRAT,3942215,6960215,All industry total ,839853.0
2000,NORTH CAROLINA,"BUSH, GEORGE W.",REPUBLICAN,1631163,2914990,All industry total ,277556.1
2000,NORTH DAKOTA,"BUSH, GEORGE W.",REPUBLICAN,174852,288256,All industry total ,18115.1
2000,OHIO,"BUSH, GEORGE W.",REPUBLICAN,2350363,4701998,All industry total ,391032.3
2000,OKLAHOMA,"BUSH, GEORGE W.",REPUBLICAN,744337,1234229,All industry total ,91645.7
2000,OREGON,"GORE, AL",DEMOCRAT,720342,1533950,All industry total ,117057.2
2000,PENNSYLVANIA,"GORE, AL",DEMOCRAT,2485967,4912185,All industry total ,409330.2
2000,RHODE ISLAND,"GORE, AL",DEMOCRAT,249508,409112,All industry total ,34608.5
2000,SOUTH CAROLINA,"BUSH, GEORGE W.",REPUBLICAN,786892,1383902,All industry total ,115332.7
2000,SOUTH DAKOTA,"BUSH, GEORGE W.",REPUBLICAN,190700,316269,All industry total ,22866.7
2000,TENNESSEE,"BUSH, GEORGE W.",REPUBLICAN,1061949,2076181,All industry total ,182209.7
2000,TEXAS,"BUSH, GEORGE W.",REPUBLICAN,3799639,6407637,All industry total ,742161.5
2000,UTAH,"BUSH, GEORGE W.",REPUBLICAN,515096,770754,All industry total ,70056.3
2000,VERMONT,"GORE, AL",DEMOCRAT,149022,294308,All industry total ,18492.9
2000,VIRGINIA,"BUSH, GEORGE W.",REPUBLICAN,1437490,2739447,All industry total ,268608.7
2000,WASHINGTON,"GORE, AL",DEMOCRAT,1247652,2487433,All industry total ,237594.0
2000,WEST VIRGINIA,"BUSH, GEORGE W.",REPUBLICAN,336475,648124,All industry total ,42620.7
2000,WISCONSIN,"GORE, AL",DEMOCRAT,1242987,2598607,All industry total ,180883.1
2000,WYOMING,"BUSH, GEORGE W.",REPUBLICAN,147947,213726,All industry total ,17153.7
2004,ALABAMA,"BUSH, GEORGE W.",REPUBLICAN,1176394,1883415,All industry total ,148379.1
2004,ALASKA,"BUSH, GEORGE W.",REPUBLICAN,190889,312598,All industry total ,35389.5
2004,ARIZONA,"BUSH, GEORGE W.",REPUBLICAN,1104294,2012585,All industry total ,207246.3
2004,ARKANSAS,"BUSH, GEORGE W.",REPUBLICAN,572898,1054945,All industry total ,85928.6
2004,CALIFORNIA,"KERRY, JOHN",DEMOCRAT,6745485,12421353,All industry total ,1585081.4
2004,COLORADO,"BUSH, GEORGE W.",REPUBLICAN,1101255,2129630,All industry total ,203743.3
2004,CONNECTICUT,"KERRY, JOHN",DEMOCRAT,857488,1578769,All industry total ,194722.9
2004,DELAWARE,"KERRY, JOHN",DEMOCRAT,200152,375190,All industry total ,51674.1
2004,DISTRICT OF COLUMBIA,"KERRY, JOHN",DEMOCRAT,202970,227586,All industry total ,80600.7
2004,FLORIDA,"BUSH, GEORGE W.",REPUBLICAN,3964522,7609810,All industry total ,647041.8
2004,GEORGIA,"BUSH, GEORGE W.",REPUBLICAN,1914254,3301875,All industry total ,364530.1
2004,HAWAII,"KERRY, JOHN",DEMOCRAT,231708,429013,All industry total ,52625.7
2004,IDAHO,"BUSH, GEORGE W.",REPUBLICAN,409235,598376,All industry total ,44732.9
2004,ILLINOIS,"KERRY, JOHN",DEMOCRAT,2891550,5274322,All industry total ,560079.8
2004,INDIANA,"BUSH, GEORGE W.",REPUBLICAN,1479438,2468002,All industry total ,239278.5
2004,IOWA,"BUSH, GEORGE W.",REPUBLICAN,751957,1506908,All industry total ,117149.8
2004,KANSAS,"BUSH, GEORGE W.",REPUBLICAN,736456,1187756,All industry total ,98913.7
2004,KENTUCKY,"BUSH, GEORGE W.",REPUBLICAN,1069439,1795882,All industry total ,135694.5
2004,LOUISIANA,"BUSH, GEORGE W.",REPUBLICAN,1102169,1943106,All industry total ,170999.6
2004,MAINE,"KERRY, JOHN",DEMOCRAT,396842,740752,All industry total ,45233.1
2004,MARYLAND,"KERRY, JOHN",DEMOCRAT,1334493,2384238,All industry total ,243449.8
2004,MASSACHUSETTS,"KERRY, JOHN",DEMOCRAT,1803800,2927455,All industry total ,324919.0
2004,MICHIGAN,"KERRY, JOHN",DEMOCRAT,2479183,4839252,All industry total ,388764.6
2004,MINNESOTA,"KERRY, JOHN",DEMOCRAT,1445014,2828387,All industry total ,231949.4
2004,MISSISSIPPI,"BUSH, GEORGE W.",REPUBLICAN,672660,1139824,All industry total ,78680.1
2004,MISSOURI,"BUSH, GEORGE W.",REPUBLICAN,1455713,2731364,All industry total ,216977.5
2004,MONTANA,"BUSH, GEORGE W.",REPUBLICAN,266063,450434,All industry total ,28138.8
2004,NEBRASKA,"BUSH, GEORGE W.",REPUBLICAN,512814,778186,All industry total ,70445.4
2004,NEVADA,"BUSH, GEORGE W.",REPUBLICAN,418690,829587,All industry total ,104132.0
2004,NEW HAMPSHIRE,"KERRY, JOHN",DEMOCRAT,340511,678287,All industry total ,54545.7
2004,NEW JERSEY,"KERRY, JOHN",DEMOCRAT,1911430,3611691,All industry total ,415490.8
2004,NEW MEXICO,"BUSH, GEORGE W.",REPUBLICAN,376930,756304,All industry total ,70593.4
2004,NEW YORK,"KERRY, JOHN",DEMOCRAT,4180755,7448266,All industry total ,958565.3
2004,NORTH CAROLINA,"BUSH, GEORGE W.",REPUBLICAN,1961166,3501007,All industry total ,329017.7
2004,NORTH DAKOTA,"BUSH, GEORGE W.",REPUBLICAN,196651,312833,All industry total ,23209.6
2004,OHIO,"BUSH, GEORGE W.",REPUBLICAN,2859764,5627903,All industry total ,447813.3
2004,OKLAHOMA,"BUSH, GEORGE W.",REPUBLICAN,959792,1463758,All industry total ,114237.5
2004,OREGON,"KERRY, JOHN",DEMOCRAT,943163,1836782,All industry total ,136495.9
2004,PENNSYLVANIA,"KERRY, JOHN",DEMOCRAT,2938095,5769590,All industry total ,486384.5
2004,RHODE ISLAND,"KERRY, JOHN",DEMOCRAT,259760,437134,All industry total ,42578.2
2004,SOUTH CAROLINA,"BUSH, GEORGE W.",REPUBLICAN,937974,1617700,All industry total ,136679.9
2004,SOUTH DAKOTA,"BUSH, GEORGE W.",REPUBLICAN,232584,388215,All industry total ,29380.9
2004,TENNESSEE,"BUSH, GEORGE W.",REPUBLICAN,1384375,2437319,All industry total ,219862.4
2004,TEXAS,"BUSH, GEORGE W.",REPUBLICAN,4526917,7410749,All industry total ,921230.7
2004,UTAH,"BUSH, GEORGE W.",REPUBLICAN,663742,927844,All industry total ,86766.7
2004,VERMONT,"KERRY, JOHN",DEMOCRAT,184067,312309,All industry total ,22986.3
2004,VIRGINIA,"BUSH, GEORGE W.",REPUBLICAN,1716959,3195415,All industry total ,331815.8
2004,WASHINGTON,"KERRY, JOHN",DEMOCRAT,1510201,2859084,All industry total ,267423.9
2004,WEST VIRGINIA,"BUSH, GEORGE W.",REPUBLICAN,423778,755792,All industry total ,49865.9
2004,WISCONSIN,"KERRY, JOHN",DEMOCRAT,1489504,2997007,All industry total ,216370.4
2004,WYOMING,"BUSH, GEORGE W.",REPUBLICAN,167629,243861,All industry total ,23418.1
2008,ALABAMA,"MCCAIN, JOHN",REPUBLICAN,1266546,2099819,All industry total ,174665.6
2008,ALASKA,"MCCAIN, JOHN",REPUBLICAN,193841,326197,All industry total ,55246.7
2008,ARIZONA,"MCCAIN, JOHN",REPUBLICAN,1230111,2293475,All industry total ,261005.8
2008,ARKANSAS,"MCCAIN, JOHN",REPUBLICAN,638017,1086617,All industry total ,100206.7
2008,CALIFORNIA,"OBAMA, BARACK H.",DEMOCRAT,8274473,13561900,All industry total ,1946241.5
2008,COLORADO,"OBAMA, BARACK H.",DEMOCRAT,1288576,2401361,All industry total ,257606.1
2008,CONNECTICUT,"OBAMA, BARACK H.",DEMOCRAT,997772,1646792,All industry total ,236110.7
2008,DELAWARE,"OBAMA, BARACK H.",DEMOCRAT,255459,412412,All industry total ,55250.8
2008,DISTRICT OF COLUMBIA,"OBAMA, BARACK H.",DEMOCRAT,245800,265853,All industry total ,99240.4
2008,FLORIDA,"OBAMA, BARACK H.",DEMOCRAT,4282074,8390744,All industry total ,767357.8
2008,GEORGIA,"MCCAIN, JOHN",REPUBLICAN,2048759,3924486,All industry total ,416303.5
2008,HAWAII,"OBAMA, BARACK H.",DEMOCRAT,325871,456064,All industry total ,65545.5
2008,IDAHO,"MCCAIN, JOHN",REPUBLICAN,403012,655122,All industry total ,56203.6
2008,ILLINOIS,"OBAMA, BARACK H.",DEMOCRAT,3419348,5522371,All industry total ,649677.3
2008,INDIANA,"OBAMA, BARACK H.",DEMOCRAT,1374039,2751054,All industry total ,277774.5
2008,IOWA,"OBAMA, BARACK H.",DEMOCRAT,828940,1537123,All industry total ,137749.2
2008,KANSAS,"MCCAIN, JOHN",REPUBLICAN,699655,1235872,All industry total ,129223.2
2008,KENTUCKY,"MCCAIN, JOHN",REPUBLICAN,1048462,1826620,All industry total ,160700.2
2008,LOUISIANA,"MCCAIN, JOHN",REPUBLICAN,1148275,1960761,All industry total ,213803.5
2008,MAINE,"OBAMA, BARACK H.",DEMOCRAT,421923,731163,All industry total ,51001.9
2008,MARYLAND,"OBAMA, BARACK H.",DEMOCRAT,1629467,2631596,All industry total ,292908.3
2008,MASSACHUSETTS,"OBAMA, BARACK H.",DEMOCRAT,1904097,3102995,All industry total ,387923.4
2008,MICHIGAN,"OBAMA, BARACK H.",DEMOCRAT,2872579,5001596,All industry total ,391633.6
2008,MINNESOTA,"OBAMA, BARACK H.",DEMOCRAT,1573354,2910369,All industry total ,268771.5
2008,MISSISSIPPI,"MCCAIN, JOHN",REPUBLICAN,724597,1289865,All industry total ,95179.3
2008,MISSOURI,"MCCAIN, JOHN",REPUBLICAN,1445814,2925205,All industry total ,256431.1
2008,MONTANA,"MCCAIN, JOHN",REPUBLICAN,242763,490109,All industry total ,37028.0
2008,NEBRASKA,"MCCAIN, JOHN",REPUBLICAN,452979,801281,All industry total ,86146.6
2008,NEVADA,"OBAMA, BARACK H.",DEMOCRAT,533736,967848,All industry total ,130570.9
2008,NEW HAMPSHIRE,"OBAMA, BARACK H.",DEMOCRAT,384826,710970,All industry total ,62095.3
2008,NEW JERSEY,"OBAMA, BARACK H.",DEMOCRAT,2215422,3868237,All industry total ,493289.4
2008,NEW MEXICO,"OBAMA, BARACK H.",DEMOCRAT,472422,830158,All industry total ,84339.7
2008,NEW YORK,"OBAMA, BARACK H.",DEMOCRAT,4645332,7722019,All industry total ,1107860.2
2008,NORTH CAROLINA,"OBAMA, BARACK H.",DEMOCRAT,2142651,4310851,All industry total ,420707.2
2008,NORTH DAKOTA,"MCCAIN, JOHN",REPUBLICAN,168601,316621,All industry total ,32027.7
2008,OHIO,"OBAMA, BARACK H.",DEMOCRAT,2940044,5708350,All industry total ,500916.4
2008,OKLAHOMA,"MCCAIN, JOHN",REPUBLICAN,960165,1462661,All industry total ,161609.0
2008,OREGON,"OBAMA, BARACK H.",DEMOCRAT,1037291,1827864,All industry total ,164122.9
2008,PENNSYLVANIA,"OBAMA, BARACK H.",DEMOCRAT,3276363,6013272,All industry total ,586886.6
2008,RHODE ISLAND,"OBAMA, BARACK H.",DEMOCRAT,296571,471766,All industry total ,47138.9
2008,SOUTH CAROLINA,"MCCAIN, JOHN",REPUBLICAN,1034896,1920969,All industry total ,164471.2
2008,SOUTH DAKOTA,"MCCAIN, JOHN",REPUBLICAN,203054,381975,All industry total ,36939.3
2008,TENNESSEE,"MCCAIN, JOHN",REPUBLICAN,1479178,2599749,All industry total ,255546.7
2008,TEXAS,"MCCAIN, JOHN",REPUBLICAN,4479328,8077795,All industry total ,1253142.0
2008,UTAH,"MCCAIN, JOHN",REPUBLICAN,596030,952370,All industry total ,116949.2
2008,VERMONT,"OBAMA, BARACK H.",DEMOCRAT,219262,325046,All industry total ,26140.4
2008,VIRGINIA,"OBAMA, BARACK H.",DEMOCRAT,1959532,3723260,All industry total ,402157.8
2008,WASHINGTON,"OBAMA, BARACK H.",DEMOCRAT,1750848,3036878,All industry total ,352460.7
2008,WEST VIRGINIA,"MCCAIN, JOHN",REPUBLICAN,397466,713451,All industry total ,62978.7
2008,WISCONSIN,"OBAMA, BARACK H.",DEMOCRAT,1677211,2983417,All industry total ,246493.0
2008,WYOMING,"MCCAIN, JOHN",REPUBLICAN,164958,254904,All industry total ,42694.6
2012,ALABAMA,"ROMNEY, MITT",REPUBLICAN,1255925,2074338,All industry total ,188280.7
2012,ALASKA,"ROMNEY, MITT",REPUBLICAN,164676,300495,All industry total ,58320.7
2012,ARIZONA,"ROMNEY, MITT",REPUBLICAN,1233654,2299254,All industry total ,272703.3
2012,ARKANSAS,"ROMNEY, MITT",REPUBLICAN,647744,1069468,All industry total ,108836.0
2012,CALIFORNIA,"OBAMA, BARACK H.",DEMOCRAT,7854285,13038547,All industry total ,2108873.1
2012,COLORADO,"OBAMA, BARACK H.",DEMOCRAT,1323101,2569516,All industry total ,274738.8
2012,CONNECTICUT,"OBAMA, BARACK H.",DEMOCRAT,905083,1558204,All industry total ,239907.5
2012,DELAWARE,"OBAMA, BARACK H.",DEMOCRAT,242584,413890,All industry total ,62342.1
2012,DISTRICT OF COLUMBIA,"OBAMA, BARACK H.",DEMOCRAT,267070,293764,All industry total ,112512.7
2012,FLORIDA,"OBAMA, BARACK H.",DEMOCRAT,4237756,8474179,All industry total ,784545.9
2012,GEORGIA,"ROMNEY, MITT",REPUBLICAN,2078688,3897839,All industry total ,449375.6
2012,HAWAII,"OBAMA, BARACK H.",DEMOCRAT,306658,437159,All industry total ,71645.6
2012,IDAHO,"ROMNEY, MITT",REPUBLICAN,420911,652274,All industry total ,57933.7
2012,ILLINOIS,"OBAMA, BARACK H.",DEMOCRAT,3019512,5242014,All industry total ,725478.0
2012,INDIANA,"ROMNEY, MITT",REPUBLICAN,1420543,2624534,All industry total ,301277.4
2012,IOWA,"OBAMA, BARACK H.",DEMOCRAT,822544,1582180,All industry total ,158553.1
2012,KANSAS,"ROMNEY, MITT",REPUBLICAN,692634,1159971,All industry total ,141812.1
2012,KENTUCKY,"ROMNEY, MITT",REPUBLICAN,1087190,1797212,All industry total ,178370.6
2012,LOUISIANA,"ROMNEY, MITT",REPUBLICAN,1152262,1994065,All industry total ,235960.9
2012,MAINE,"OBAMA, BARACK H.",DEMOCRAT,401306,724758,All industry total ,54018.5
2012,MARYLAND,"OBAMA, BARACK H.",DEMOCRAT,1677844,2707327,All industry total ,331869.0
2012,MASSACHUSETTS,"OBAMA, BARACK H.",DEMOCRAT,1921290,3184196,All industry total ,441373.9
2012,MICHIGAN,"OBAMA, BARACK H.",DEMOCRAT,2564569,4730961,All industry total ,426141.1
2012,MINNESOTA,"OBAMA, BARACK H.",DEMOCRAT,1546167,2936561,All industry total ,298641.4
2012,MISSISSIPPI,"ROMNEY, MITT",REPUBLICAN,710746,1285584,All industry total ,100905.4
2012,MISSOURI,"ROMNEY, MITT",REPUBLICAN,1482440,2757323,All industry total ,272482.4
2012,MONTANA,"ROMNEY, MITT",REPUBLICAN,267928,484048,All industry total ,42150.2
2012,NEBRASKA,"ROMNEY, MITT",REPUBLICAN,475064,794379,All industry total ,102949.7
2012,NEVADA,"OBAMA, BARACK H.",DEMOCRAT,531373,1014918,All industry total ,130238.2
2012,NEW HAMPSHIRE,"OBAMA, BARACK H.",DEMOCRAT,369561,710972,All industry total ,68412.0
2012,NEW JERSEY,"OBAMA, BARACK H.",DEMOCRAT,2122786,3638499,All industry total ,516098.2
2012,NEW MEXICO,"OBAMA, BARACK H.",DEMOCRAT,415335,783758,All industry total ,87681.0
2012,NEW YORK,"OBAMA, BARACK H.",DEMOCRAT,4324228,7116784,All industry total ,1324471.3
2012,NORTH CAROLINA,"ROMNEY, MITT",REPUBLICAN,2270395,4505372,All industry total ,444063.2
2012,NORTH DAKOTA,"ROMNEY, MITT",REPUBLICAN,188320,322932,All industry total ,52079.1
2012,OHIO,"OBAMA, BARACK H.",DEMOCRAT,2827621,5580822,All industry total ,543035.4
2012,OKLAHOMA,"ROMNEY, MITT",REPUBLICAN,891325,1334872,All industry total ,175361.2
2012,OREGON,"OBAMA, BARACK H.",DEMOCRAT,970488,1789270,All industry total ,173856.8
2012,PENNSYLVANIA,"OBAMA, BARACK H.",DEMOCRAT,2990274,5742040,All industry total ,646434.3
2012,RHODE ISLAND,"OBAMA, BARACK H.",DEMOCRAT,279677,446049,All industry total ,51527.5
2012,SOUTH CAROLINA,"ROMNEY, MITT",REPUBLICAN,1071645,1964118,All industry total ,178503.9
2012,SOUTH DAKOTA,"ROMNEY, MITT",REPUBLICAN,210610,363815,All industry total ,44127.3
2012,TENNESSEE,"ROMNEY, MITT",REPUBLICAN,1462330,2458577,All industry total ,285897.5
2012,TEXAS,"ROMNEY, MITT",REPUBLICAN,4569843,7993851,All industry total ,1429588.0
2012,UTAH,"ROMNEY, MITT",REPUBLICAN,740600,1017440,All industry total ,129431.4
2012,VERMONT,"OBAMA, BARACK H.",DEMOCRAT,199239,299290,All industry total ,29325.6
2012,VIRGINIA,"OBAMA, BARACK H.",DEMOCRAT,1971820,3854489,All industry total ,445008.5
2012,WASHINGTON,"OBAMA, BARACK H.",DEMOCRAT,1755396,3125516,All industry total ,398358.5
2012,WEST VIRGINIA,"ROMNEY, MITT",REPUBLICAN,417655,670438,All industry total ,70303.1
2012,WISCONSIN,"OBAMA, BARACK H.",DEMOCRAT,1620985,3071434,All industry total ,276253.4
2012,WYOMING,"ROMNEY, MITT",REPUBLICAN,170962,250701,All industry total ,38679.3
2016,ALABAMA,"TRUMP, DONALD J.",REPUBLICAN,1318255,2123372,All industry total ,208824.3
2016,ALASKA,"TRUMP, DONALD J.",REPUBLICAN,163387,318608,All industry total ,51121.8
2016,ARIZONA,"TRUMP, DONALD J.",REPUBLICAN,1252401,2573165,All industry total ,313787.1
2016,ARKANSAS,"TRUMP, DONALD J.",REPUBLICAN,684872,1130635,All industry total ,120987.4
2016,CALIFORNIA,"CLINTON, HILLARY",DEMOCRAT,8753788,14181595,All industry total ,2586485.2
2016,COLORADO,"CLINTON, HILLARY",DEMOCRAT,1338870,2780220,All industry total ,330565.9
2016,CONNECTICUT,"CLINTON, HILLARY",DEMOCRAT,897572,1644920,All industry total ,264760.4
2016,DELAWARE,"CLINTON, HILLARY",DEMOCRAT,235603,441590,All industry total ,70021.5
2016,DISTRICT OF COLUMBIA,"CLINTON, HILLARY",DEMOCRAT,282830,312575,All industry total ,129933.5
2016,FLORIDA,"TRUMP, DONALD J.",REPUBLICAN,4617886,9420039,All industry total ,964500.8
2016,GEORGIA,"TRUMP, DONALD J.",REPUBLICAN,2089104,4114732,All industry total ,554903.2
2016,HAWAII,"CLINTON, HILLARY",DEMOCRAT,266891,437664,All industry total ,84287.2
2016,IDAHO,"TRUMP, DONALD J.",REPUBLICAN,409055,690255,All industry total ,69185.2
2016,ILLINOIS,"CLINTON, HILLARY",DEMOCRAT,3090729,5536424,All industry total ,813561.6
2016,INDIANA,"TRUMP, DONALD J.",REPUBLICAN,1557286,2734958,All industry total ,342716.6
2016,IOWA,"TRUMP, DONALD J.",REPUBLICAN,800983,1565580,All industry total ,183834.8
2016,KANSAS,"TRUMP, DONALD J.",REPUBLICAN,671018,1184402,All industry total ,162144.5
2016,KENTUCKY,"TRUMP, DONALD J.",REPUBLICAN,1202971,1924149,All industry total ,197944.8
2016,LOUISIANA,"TRUMP, DONALD J.",REPUBLICAN,1178638,2029032,All industry total ,227440.3
2016,MAINE,"CLINTON, HILLARY",DEMOCRAT,357735,771892,All industry total ,61092.2
2016,MARYLAND,"CLINTON, HILLARY",DEMOCRAT,1677928,2781446,All industry total ,386496.4
2016,MASSACHUSETTS,"CLINTON, HILLARY",DEMOCRAT,1995196,3378821,All industry total ,514108.0
2016,MICHIGAN,"TRUMP, DONALD J.",REPUBLICAN,2279543,4799284,All industry total ,494752.5
2016,MINNESOTA,"CLINTON, HILLARY",DEMOCRAT,1367705,2944782,All industry total ,345248.8
2016,MISSISSIPPI,"TRUMP, DONALD J.",REPUBLICAN,700714,1209357,All industry total ,107795.4
2016,MISSOURI,"TRUMP, DONALD J.",REPUBLICAN,1594511,2808605,All industry total ,304143.3
2016,MONTANA,"TRUMP, DONALD J.",REPUBLICAN,279240,494526,All industry total ,45859.4
2016,NEBRASKA,"TRUMP, DONALD J.",REPUBLICAN,495961,844227,All industry total ,119389.8
2016,NEVADA,"CLINTON, HILLARY",DEMOCRAT,539260,1125385,All industry total ,153318.0
2016,NEW HAMPSHIRE,"CLINTON, HILLARY",DEMOCRAT,348526,744296,All industry total ,79759.7
2016,NEW JERSEY,"CLINTON, HILLARY",DEMOCRAT,2148278,3874046,All industry total ,578651.4
2016,NEW MEXICO,"CLINTON, HILLARY",DEMOCRAT,385234,798319,All industry total ,90476.0
2016,NEW YORK,"CLINTON, HILLARY",DEMOCRAT,4379789,7802084,All industry total ,1556830.0
2016,NORTH CAROLINA,"TRUMP, DONALD J.",REPUBLICAN,2362631,4741564,All industry total ,528284.3
2016,NORTH DAKOTA,"TRUMP, DONALD J.",REPUBLICAN,216794,344360,All industry total ,52666.3
2016,OHIO,"TRUMP, DONALD J.",REPUBLICAN,2841005,5496487,All industry total ,627294.7
2016,OKLAHOMA,"TRUMP, DONALD J.",REPUBLICAN,949136,1452992,All industry total ,182238.8
2016,OREGON,"CLINTON, HILLARY",DEMOCRAT,1002106,2001336,All industry total ,211782.4
2016,PENNSYLVANIA,"TRUMP, DONALD J.",REPUBLICAN,2970733,6115402,All industry total ,733165.9
2016,RHODE ISLAND,"CLINTON, HILLARY",DEMOCRAT,252525,464144,All industry total ,57714.6
2016,SOUTH CAROLINA,"TRUMP, DONALD J.",REPUBLICAN,1155389,2103027,All industry total ,217555.5
2016,SOUTH DAKOTA,"TRUMP, DONALD J.",REPUBLICAN,227721,370093,All industry total ,49842.6
2016,TENNESSEE,"TRUMP, DONALD J.",REPUBLICAN,1522925,2508027,All industry total ,339350.2
2016,TEXAS,"TRUMP, DONALD J.",REPUBLICAN,4685047,8969226,All industry total ,1582981.5
2016,UTAH,"TRUMP, DONALD J.",REPUBLICAN,515211,1131317,All industry total ,159330.6
2016,VERMONT,"CLINTON, HILLARY",DEMOCRAT,178573,320467,All industry total ,31840.2
2016,VIRGINIA,"CLINTON, HILLARY",DEMOCRAT,1981473,3982752,All industry total ,499032.4
2016,WASHINGTON,"CLINTON, HILLARY",DEMOCRAT,1742718,3317019,All industry total ,489790.2
2016,WEST VIRGINIA,"TRUMP, DONALD J.",REPUBLICAN,489371,713051,All industry total ,71248.9
2016,WISCONSIN,"TRUMP, DONALD J.",REPUBLICAN,1405284,2976150,All industry total ,315420.0
2016,WYOMING,"TRUMP, DONALD J.",REPUBLICAN,174419,258788,All industry total ,36105.9
2020,ALABAMA,"TRUMP, DONALD J.",REPUBLICAN,1441170,2323282,All industry total ,235325.3
2020,ALASKA,"TRUMP, DONALD J.",REPUBLICAN,189951,359530,All industry total ,51283.4
2020,ARIZONA,"BIDEN, JOSEPH R. JR",DEMOCRAT,1672143,3387326,All industry total ,388956.7
2020,ARKANSAS,"TRUMP, DONALD J.",REPUBLICAN,760647,1219069,All industry total ,136198.4
2020,CALIFORNIA,"BIDEN, JOSEPH R. JR",DEMOCRAT,11110250,17500881,All industry total ,3076755.1
2020,COLORADO,"BIDEN, JOSEPH R. JR",DEMOCRAT,1804352,3279980,All industry total ,396741.9
2020,CONNECTICUT,"BIDEN, JOSEPH R. JR",DEMOCRAT,1080831,1823857,All industry total ,278029.4
2020,DELAWARE,"BIDEN, JOSEPH R. JR",DEMOCRAT,296268,504346,All industry total ,77520.3
2020,DISTRICT OF COLUMBIA,"BIDEN, JOSEPH R. JR",DEMOCRAT,317323,344356,All industry total ,146660.1
2020,FLORIDA,"TRUMP, DONALD J.",REPUBLICAN,5668731,11067456,All industry total ,1142004.4
2020,GEORGIA,"BIDEN, JOSEPH R. JR",DEMOCRAT,2473633,4999960,All industry total ,640223.6
2020,HAWAII,"BIDEN, JOSEPH R. JR",DEMOCRAT,366130,579784,All industry total ,84885.8
2020,IDAHO,"TRUMP, DONALD J.",REPUBLICAN,554119,868014,All industry total ,88099.3
2020,ILLINOIS,"BIDEN, JOSEPH R. JR",DEMOCRAT,3471915,6033743,All industry total ,860672.8
2020,INDIANA,"TRUMP, DONALD J.",REPUBLICAN,1729519,3033118,All industry total ,378633.6
2020,IOWA,"TRUMP, DONALD J.",REPUBLICAN,897672,1700130,All industry total ,198609.6
2020,KANSAS,"TRUMP, DONALD J.",REPUBLICAN,771406,1372303,All industry total ,177209.6
2020,KENTUCKY,"TRUMP, DONALD J.",REPUBLICAN,1326646,2136768,All industry total ,218539.7
2020,LOUISIANA,"TRUMP, DONALD J.",REPUBLICAN,1255776,2148062,All industry total ,236216.3
2020,MAINE,"BIDEN, JOSEPH R. JR",DEMOCRAT,435072,828305,All industry total ,72077.1
2020,MARYLAND,"BIDEN, JOSEPH R. JR",DEMOCRAT,1985023,3037030,All industry total ,413455.4
2020,MASSACHUSETTS,"BIDEN, JOSEPH R. JR",DEMOCRAT,2382202,3658005,All industry total ,592653.0
2020,MICHIGAN,"BIDEN, JOSEPH R. JR",DEMOCRAT,2804040,5539302,All industry total ,529675.6
2020,MINNESOTA,"BIDEN, JOSEPH R. JR",DEMOCRAT,1717077,3277171,All industry total ,378746.6
2020,MISSISSIPPI,"TRUMP, DONALD J.",REPUBLICAN,756764,1313759,All industry total ,116709.4
2020,MISSOURI,"TRUMP, DONALD J.",REPUBLICAN,1718736,3025962,All industry total ,335285.1
2020,MONTANA,"TRUMP, DONALD J.",REPUBLICAN,343602,603674,All industry total ,52958.8
2020,NEBRASKA,"TRUMP, DONALD J.",REPUBLICAN,556846,956383,All industry total ,135149.4
2020,NEVADA,"BIDEN, JOSEPH R. JR",DEMOCRAT,703486,1405376,All industry total ,176296.3
2020,NEW HAMPSHIRE,"BIDEN, JOSEPH R. JR",DEMOCRAT,424921,806182,All industry total ,88527.7
2020,NEW JERSEY,"BIDEN, JOSEPH R. JR",DEMOCRAT,2608335,4549353,All industry total ,631552.3
2020,NEW MEXICO,"BIDEN, JOSEPH R. JR",DEMOCRAT,501614,923965,All industry total ,100656.4
2020,NEW YORK,"BIDEN, JOSEPH R. JR",DEMOCRAT,5230985,8661735,All industry total ,1773369.8
2020,NORTH CAROLINA,"TRUMP, DONALD J.",REPUBLICAN,2758773,5524802,All industry total ,600683.3
2020,NORTH DAKOTA,"TRUMP, DONALD J.",REPUBLICAN,235595,361819,All industry total ,55568.5
2020,OHIO,"TRUMP, DONALD J.",REPUBLICAN,3154834,5922202,All industry total ,692683.7
2020,OKLAHOMA,"TRUMP, DONALD J.",REPUBLICAN,1020280,1560699,All industry total ,192516.2
2020,OREGON,"BIDEN, JOSEPH R. JR",DEMOCRAT,1340383,2374321,All industry total ,251577.7
2020,PENNSYLVANIA,"BIDEN, JOSEPH R. JR",DEMOCRAT,3458229,6915283,All industry total ,777000.8
2020,RHODE ISLAND,"BIDEN, JOSEPH R. JR",DEMOCRAT,307486,516990,All industry total ,62124.9
2020,SOUTH CAROLINA,"TRUMP, DONALD J.",REPUBLICAN,1385103,2514096,All industry total ,249430.2
2020,SOUTH DAKOTA,"TRUMP, DONALD J.",REPUBLICAN,261043,422609,All industry total ,56254.4
2020,TENNESSEE,"TRUMP, DONALD J.",REPUBLICAN,1852475,3053851,All industry total ,391563.2
2020,TEXAS,"TRUMP, DONALD J.",REPUBLICAN,5890347,11315056,All industry total ,1802143.7
2020,UTAH,"TRUMP, DONALD J.",REPUBLICAN,865140,1488289,All industry total ,205647.9
2020,VERMONT,"BIDEN, JOSEPH R. JR",DEMOCRAT,242820,370968,All industry total ,34414.9
2020,VIRGINIA,"BIDEN, JOSEPH R. JR",DEMOCRAT,2413568,4460524,All industry total ,565466.8
2020,WASHINGTON,"BIDEN, JOSEPH R. JR",DEMOCRAT,2369612,4087631,All industry total ,620132.9
2020,WEST VIRGINIA,"TRUMP, DONALD J.",REPUBLICAN,545382,794652,All industry total ,77430.9
2020,WISCONSIN,"BIDEN, JOSEPH R. JR",DEMOCRAT,1630866,3298041,All industry total ,343272.2
2020,WYOMING,"TRUMP, DONALD J.",REPUBLICAN,193559,278503,All industry total ,36709.6
